rank,dist_lgd,district,state_lgd,state_ut,sub_dist,subdis_lg,subdis_ty,vill_cat,vill_lgd,vill_name,src_state,src_file,objectid,ntl_2021,ntl_latest,ntl_abs_growth,ntl_abs_growth_clean,ntl_pct_growth_clean,shp_area,shp_leng
1,432.0,NEEMUCH,23.0,MADHYA PRADESH,RAMPURA,6774.0,TAHSIL,Rural,468953.0,KHEMLA BLOCK,MADHYA PRADESH,MADHYA_PRADESH\MADHYA_PRADESH.shp,32174.0,0.436099299,26.97755914,26.54145984,26.54145984,6086.104677,2848104.909,7730.418128
2,432.0,NEEMUCH,23.0,MADHYA PRADESH,RAMPURA,6774.0,TAHSIL,Rural,468955.0,GHADOD,MADHYA PRADESH,MADHYA_PRADESH\MADHYA_PRADESH.shp,32175.0,0.379837052,13.47259595,13.0927589,13.0927589,3446.94095,4871162.498,13725.6749
3,432.0,NEEMUCH,23.0,MADHYA PRADESH,RAMPURA,6774.0,TAHSIL,Rural,468956.0,RONDHANA,MADHYA PRADESH,MADHYA_PRADESH\MADHYA_PRADESH.shp,31945.0,0.339537008,11.40290668,11.06336967,11.06336967,3258.369316,8216854.67,13454.76766
4,41.0,LUDHIANA,3.0,PUNJAB,LUDHIANA EAST,227.0,TEHSIL,RURAL,33445.0,KARIANA KHURD,PUNJAB,PUNJAB\PUNJAB.shp,10018.0,1.781206459,30.84462443,29.06341797,29.06341797,1631.670367,1593648.469,6974.126944
5,386.0,KHORDHA,21.0,ODISHA,BEGUNIA,6600.0,Tehsil,Rural,407211.0,BHUINPUR,ODISHA,ODISHA\ODISHA.shp,59488.0,0.598603426,7.811508553,7.212905127,7.212905127,1204.955537,1914343.707,7659.404927
6,449.0,NARMADAPURAM,23.0,MADHYA PRADESH,SEONIMALWA,3612.0,TAHSIL,Rural,487159.0,Begania,MADHYA PRADESH,MADHYA_PRADESH\MADHYA_PRADESH.shp,36598.0,0.62056482,7.748126,7.127561179,7.127561179,1148.560303,2539389.865,7391.946895
7,449.0,NARMADAPURAM,23.0,MADHYA PRADESH,DOLARIYA,3615.0,TAHSIL,Rural,487481.0,Kajlas,MADHYA PRADESH,MADHYA_PRADESH\MADHYA_PRADESH.shp,36152.0,0.764964784,9.108263092,8.343298308,8.343298308,1090.677438,4399873.743,11402.81383
8,384.0,ANGUL,21.0,ODISHA,CHHENDIPADA,6586.0,Tehsil,Rural,404363.0,MALIMALIBRAHMANI,ODISHA,ODISHA\ODISHA.shp,80265.0,2.832413251,32.12759801,29.29518476,29.29518476,1034.283566,2442100.503,7853.027884
9,374.0,SUNDARGARH,21.0,ODISHA,HEMGIR,6457.0,Tehsil,Rural,383475.0,MENDARA,ODISHA,ODISHA\ODISHA.shp,35641.0,1.024081033,11.49541839,10.47133736,10.47133736,1022.510624,2134510.844,6963.439972
10,391.0,BOUDH,21.0,ODISHA,HARABHANGA,6664.0,Tehsil,Rural,418703.0,GUNDURISAHI(KA),ODISHA,ODISHA\ODISHA.shp,93807.0,0.458523375,5.009324116,4.550800742,4.550800742,992.4904583,530729.546,3336.195402
11,448.0,HARDA,23.0,MADHYA PRADESH,TIMARNI,3610.0,TAHSIL,Rural,486971.0,JHAGAR,MADHYA PRADESH,MADHYA_PRADESH\MADHYA_PRADESH.shp,13560.0,0.523297687,5.642047673,5.118749986,5.118749986,978.1717205,4737790.402,10587.13561
12,41.0,LUDHIANA,3.0,PUNJAB,LUDHIANA EAST,227.0,TEHSIL,RURAL,33446.0,DHANANSU,PUNJAB,PUNJAB\PUNJAB.shp,1654.0,1.59314107,16.81121885,15.21807778,15.21807778,955.2247486,42489.20873,909.9018866
13,463.0,SINGRAULI,23.0,MADHYA PRADESH,BARGAWAN,6826.0,TAHSIL,Others,,RF,MADHYA PRADESH,MADHYA_PRADESH\MADHYA_PRADESH.shp,10151.0,0.554544144,5.776120854,5.22157671,5.22157671,941.5980254,11929685.02,31054.33727
14,445.0,SEHORE,23.0,MADHYA PRADESH,NASRULLAGANJ,3587.0,TAHSIL,Rural,483406.0,Borkhedi,MADHYA PRADESH,MADHYA_PRADESH\MADHYA_PRADESH.shp,17454.0,0.914439479,9.421300336,8.506860857,8.506860857,930.2814514,4124167.147,9921.102469
15,433.0,MANDSAUR,23.0,MADHYA PRADESH,GAROTH,3494.0,TAHSIL,Rural,469387.0,PIPALIYA MITTESHA,MADHYA PRADESH,MADHYA_PRADESH\MADHYA_PRADESH.shp,30723.0,1.114356923,11.33343708,10.21908016,10.21908016,917.038334,4713500.727,9342.797397
16,449.0,NARMADAPURAM,23.0,MADHYA PRADESH,SEONIMALWA,3612.0,TAHSIL,Rural,487224.0,Makodiya,MADHYA PRADESH,MADHYA_PRADESH\MADHYA_PRADESH.shp,36536.0,0.565827209,5.666496478,5.100669269,5.100669269,901.4535158,6956151.625,11074.23366
17,445.0,SEHORE,23.0,MADHYA PRADESH,NASRULLAGANJ,3587.0,TAHSIL,Rural,483443.0,Amba jadeed,MADHYA PRADESH,MADHYA_PRADESH\MADHYA_PRADESH.shp,17465.0,0.84345075,8.139962357,7.296511607,7.296511607,865.0785607,5516185.855,10323.36364
18,449.0,NARMADAPURAM,23.0,MADHYA PRADESH,SEONIMALWA,3612.0,TAHSIL,Rural,487185.0,Dhandiwada,MADHYA PRADESH,MADHYA_PRADESH\MADHYA_PRADESH.shp,36601.0,0.504471631,4.83071292,4.32624129,4.32624129,857.5787077,3385536.617,8874.507728
19,452.0,NARSIMHAPUR,23.0,MADHYA PRADESH,KARELI,3637.0,TAHSIL,Rural,491283.0,SARASDOL,MADHYA PRADESH,MADHYA_PRADESH\MADHYA_PRADESH.shp,43666.0,0.741330774,7.075092785,6.333762011,6.333762011,854.377322,4034948.529,8277.228302
20,449.0,NARMADAPURAM,23.0,MADHYA PRADESH,SEONIMALWA,3612.0,TAHSIL,Rural,487177.0,Manakpur,MADHYA PRADESH,MADHYA_PRADESH\MADHYA_PRADESH.shp,36603.0,0.43867562,4.167926504,3.729250884,3.729250884,850.1158283,2220625.961,7756.410921
21,374.0,SUNDARGARH,21.0,ODISHA,KOIDA,6474.0,Tehsil,Rural,384762.0,GHODABUDHANI,ODISHA,ODISHA\ODISHA.shp,35265.0,4.133944892,38.73294721,34.59900232,34.59900232,836.9488037,2419074.352,7944.384977
22,722.0,NIWARI,23.0,MADHYA PRADESH,PRITHVIPUR,3417.0,TAHSIL,Rural,456577.0,Sunrai bhata,MADHYA PRADESH,MADHYA_PRADESH\MADHYA_PRADESH.shp,55328.0,0.640423835,5.951323936,5.310900101,5.310900101,829.2789578,3445106.283,9424.612753
23,457.0,BALAGHAT,23.0,MADHYA PRADESH,WARASEONI,3669.0,TAHSIL,Rural,497397.0,Sarandi,MADHYA PRADESH,MADHYA_PRADESH\MADHYA_PRADESH.shp,38823.0,0.662774654,6.095897973,5.43312332,5.43312332,819.754239,3821780.611,10321.149
24,452.0,NARSIMHAPUR,23.0,MADHYA PRADESH,GADARWARA,3635.0,TAHSIL,Rural,490912.0,RICHHAI,MADHYA PRADESH,MADHYA_PRADESH\MADHYA_PRADESH.shp,43466.0,0.503480841,4.500463253,3.996982412,3.996982412,793.8698137,6491108.495,13526.01794
25,374.0,SUNDARGARH,21.0,ODISHA,KOIDA,6474.0,Tehsil,Rural,384751.0,NADIKASHIRA,ODISHA,ODISHA\ODISHA.shp,35294.0,1.458040268,12.77185407,11.3138138,11.3138138,775.960311,1262094.504,5203.174143
26,449.0,NARMADAPURAM,23.0,MADHYA PRADESH,SEONIMALWA,3612.0,TAHSIL,Rural,487209.0,Surangi,MADHYA PRADESH,MADHYA_PRADESH\MADHYA_PRADESH.shp,36580.0,0.520800849,4.459748275,3.938947426,3.938947426,756.3250772,3273105.755,8717.25762
27,449.0,NARMADAPURAM,23.0,MADHYA PRADESH,DOLARIYA,3615.0,TAHSIL,Rural,487484.0,Aawari,MADHYA PRADESH,MADHYA_PRADESH\MADHYA_PRADESH.shp,36153.0,0.581564574,4.974555068,4.392990493,4.392990493,755.3744997,5207124.318,11986.75534
28,374.0,SUNDARGARH,21.0,ODISHA,HEMGIR,6457.0,Tehsil,Rural,383476.0,JAMUKANI,ODISHA,ODISHA\ODISHA.shp,35664.0,0.899594919,7.618611738,6.71901682,6.71901682,746.8935941,4985158.271,16612.81858
29,722.0,NIWARI,23.0,MADHYA PRADESH,PRITHVIPUR,3417.0,TAHSIL,Rural,456568.0,Sakera khurd bhata,MADHYA PRADESH,MADHYA_PRADESH\MADHYA_PRADESH.shp,55326.0,0.609857588,5.15909439,4.549236802,4.549236802,745.9506767,1141840.84,5042.606488
30,76.0,SONIPAT,6.0,HARYANA,Kharkhoda,381.0,TEHSIL,RURAL,59943.0,KUNDAL,HARYANA,HARYANA\Latest village boundary_HARYANA\HARYANA\HARYANA.shp,2741.0,1.898304873,16.03331075,14.13500588,14.13500588,744.6119998,3524064.995,9581.54276
31,433.0,MANDSAUR,23.0,MADHYA PRADESH,GAROTH,3494.0,TAHSIL,Rural,469385.0,RUPRA,MADHYA PRADESH,MADHYA_PRADESH\MADHYA_PRADESH.shp,30739.0,1.328078551,11.17324301,9.845164456,9.845164456,741.3088967,2758258.003,8771.030297
32,384.0,ANGUL,21.0,ODISHA,CHHENDIPADA,6586.0,Tehsil,Rural,404356.0,RAIJHARAN,ODISHA,ODISHA\ODISHA.shp,80431.0,0.84967414,7.055971884,6.206297744,6.206297744,730.4326976,9142613.7,14149.93488
33,388.0,GANJAM,21.0,ODISHA,CHHATRAPUR,6638.0,Tehsil,Rural,412155.0,LAKSHMIPUR,ODISHA,ODISHA\ODISHA.shp,100094.0,1.534372768,12.7179914,11.18361863,11.18361863,728.8723355,639565.0649,4133.614483
34,457.0,BALAGHAT,23.0,MADHYA PRADESH,WARASEONI,3669.0,TAHSIL,Rural,497396.0,Sawangi,MADHYA PRADESH,MADHYA_PRADESH\MADHYA_PRADESH.shp,38822.0,0.534596605,4.420081614,3.885485009,3.885485009,726.8069001,8077590.394,13291.9783
35,445.0,SEHORE,23.0,MADHYA PRADESH,SEHORE,3582.0,TAHSIL,Rural,482604.0,CHITODIYA HEMA,MADHYA PRADESH,MADHYA_PRADESH\MADHYA_PRADESH.shp,17635.0,0.998426968,8.193594497,7.195167529,7.195167529,720.6503588,3338977.432,8465.376354
36,85.0,REWARI,6.0,HARYANA,Manethi ST,,SUB TEHSIL,RURAL,62499.0,MAJRA MUTSIL BHALKI,HARYANA,HARYANA\Latest village boundary_HARYANA\HARYANA\HARYANA.shp,459.0,1.550311899,12.62186048,11.07154858,11.07154858,714.1497519,5190387.206,12885.1552
37,667.0,AGAR MALWA,23.0,MADHYA PRADESH,AGAR,3518.0,TAHSIL,Rural,472588.0,PACHORA,MADHYA PRADESH,MADHYA_PRADESH\MADHYA_PRADESH.shp,22155.0,0.619500349,5.011833443,4.392333094,4.392333094,709.012206,4076819.096,9823.996698
38,449.0,NARMADAPURAM,23.0,MADHYA PRADESH,DOLARIYA,3615.0,TAHSIL,Rural,487501.0,Gunaura,MADHYA PRADESH,MADHYA_PRADESH\MADHYA_PRADESH.shp,36123.0,0.699985379,5.519952048,4.81996667,4.81996667,688.5810497,13429007.66,19111.99791
39,384.0,ANGUL,21.0,ODISHA,TALCHER,6585.0,Tehsil,Rural,404025.0,BANGU,ODISHA,ODISHA\ODISHA.shp,80178.0,8.171085956,64.3242362,56.15315024,56.15315024,687.2177155,337266.7654,2308.440815
40,391.0,BOUDH,21.0,ODISHA,HARABHANGA,6664.0,Tehsil,Rural,418441.0,MAHAKURAPALI,ODISHA,ODISHA\ODISHA.shp,93172.0,0.336894208,2.649960587,2.313066379,2.313066379,686.5853808,1702754.34,6210.015118
41,374.0,SUNDARGARH,21.0,ODISHA,KOIDA,6474.0,Tehsil,Rural,384802.0,KRIAKUDAR,ODISHA,ODISHA\ODISHA.shp,34898.0,0.61740568,4.844700141,4.227294461,4.227294461,684.6866816,2102478.302,6253.491152
42,438.0,DHAR,23.0,MADHYA PRADESH,DHARAMPURI,3539.0,TAHSIL,Rural,475845.0,Jetapur,MADHYA PRADESH,MADHYA_PRADESH\MADHYA_PRADESH.shp,24756.0,1.789570652,14.03566136,12.24609071,12.24609071,684.303282,3864377.144,8021.22094
43,449.0,NARMADAPURAM,23.0,MADHYA PRADESH,SEONIMALWA,3612.0,TAHSIL,Rural,487126.0,Rasi,MADHYA PRADESH,MADHYA_PRADESH\MADHYA_PRADESH.shp,36588.0,0.535993428,4.197843038,3.66184961,3.66184961,683.1892741,5100903.346,10348.23394
44,449.0,NARMADAPURAM,23.0,MADHYA PRADESH,SEONIMALWA,3612.0,TAHSIL,Rural,487256.0,Kishanpur,MADHYA PRADESH,MADHYA_PRADESH\MADHYA_PRADESH.shp,36545.0,0.477321993,3.711171734,3.233849741,3.233849741,677.498584,923460.5313,4787.670358
45,449.0,NARMADAPURAM,23.0,MADHYA PRADESH,SEONIMALWA,3612.0,TAHSIL,Rural,487158.0,Kans khedi,MADHYA PRADESH,MADHYA_PRADESH\MADHYA_PRADESH.shp,36597.0,0.581015129,4.516297125,3.935281997,3.935281997,677.3114506,5473037.371,12309.10232
46,463.0,SINGRAULI,23.0,MADHYA PRADESH,SARAI,6826.0,TAHSIL,Rural,504046.0,BELWAR,MADHYA PRADESH,MADHYA_PRADESH\MADHYA_PRADESH.shp,2505.0,0.83017622,6.443120411,5.61294419,5.61294419,676.1147877,1429133.029,5457.189497
47,386.0,KHORDHA,21.0,ODISHA,BEGUNIA,6600.0,Tehsil,Rural,407212.0,GOLAPATANA,ODISHA,ODISHA\ODISHA.shp,59490.0,0.618112413,4.746584637,4.128472225,4.128472225,667.9160846,1589887.661,8308.552531
48,449.0,NARMADAPURAM,23.0,MADHYA PRADESH,SEONIMALWA,3612.0,TAHSIL,Rural,487186.0,Mahuadhana,MADHYA PRADESH,MADHYA_PRADESH\MADHYA_PRADESH.shp,36602.0,0.503400927,3.851053064,3.347652137,3.347652137,665.0071457,5536147.549,13365.98021
49,446.0,RAISEN,23.0,MADHYA PRADESH,RAISEN,3590.0,TAHSIL,Rural,483680.0,Nonakhedi,MADHYA PRADESH,MADHYA_PRADESH\MADHYA_PRADESH.shp,16561.0,1.645952653,12.5712912,10.92533855,10.92533855,663.7699165,1328364.539,6055.392582
50,463.0,SINGRAULI,23.0,MADHYA PRADESH,BARGAWAN,7397.0,TAHSIL,Rural,503894.0,PIDARWAH,MADHYA PRADESH,MADHYA_PRADESH\MADHYA_PRADESH.shp,10146.0,0.658580244,5.008319374,4.34973913,4.34973913,660.4721552,7632219.952,35294.2343
51,667.0,AGAR MALWA,23.0,MADHYA PRADESH,AGAR,3518.0,TAHSIL,Rural,472587.0,PIPALYA KUMAR,MADHYA PRADESH,MADHYA_PRADESH\MADHYA_PRADESH.shp,22156.0,0.654587273,4.927733133,4.273145859,4.273145859,652.8000214,3632290.902,7585.651615
52,449.0,NARMADAPURAM,23.0,MADHYA PRADESH,SEONIMALWA,3612.0,TAHSIL,Rural,487184.0,B-jamani,MADHYA PRADESH,MADHYA_PRADESH\MADHYA_PRADESH.shp,36599.0,0.553475504,4.155685025,3.602209521,3.602209521,650.8344986,6698206.755,14996.85684
53,445.0,SEHORE,23.0,MADHYA PRADESH,NASRULLAGANJ,3587.0,TAHSIL,Rural,483407.0,Chich,MADHYA PRADESH,MADHYA_PRADESH\MADHYA_PRADESH.shp,17452.0,0.950028877,7.067062932,6.117034055,6.117034055,643.8787494,8668474.01,15980.6724
54,384.0,ANGUL,21.0,ODISHA,TALCHER,6585.0,Tehsil,Rural,404024.0,NUAPADA,ODISHA,ODISHA\ODISHA.shp,80183.0,6.21036213,45.267694,39.05733187,39.05733187,628.9058682,248960.5778,2395.080083
55,87.0,NUH,6.0,HARYANA,Indri ST,,TEHSIL,RURAL,63079.0,HILALPUR,HARYANA,HARYANA\Latest village boundary_HARYANA\HARYANA\HARYANA.shp,1594.0,1.799527497,13.08317505,11.28364755,11.28364755,627.0339059,3608575.845,9721.375547
56,448.0,HARDA,23.0,MADHYA PRADESH,TIMARNI,3610.0,TAHSIL,Rural,486970.0,SAMARDHA,MADHYA PRADESH,MADHYA_PRADESH\MADHYA_PRADESH.shp,13558.0,0.767471288,5.573551841,4.806080553,4.806080553,626.2228472,8255128.215,13333.68833
57,447.0,BETUL,23.0,MADHYA PRADESH,MULTAI,3604.0,TAHSIL,Rural,486122.0,Humanpeth,MADHYA PRADESH,MADHYA_PRADESH\MADHYA_PRADESH.shp,35632.0,0.388171167,2.787299853,2.399128685,2.399128685,618.0594766,9382497.09,13095.7267
58,398.0,KORAPUT,21.0,ODISHA,POTTANGI,6737.0,Tehsil,Rural,430076.0,CHANDAKA,ODISHA,ODISHA\ODISHA.shp,22500.0,0.389675833,2.79460761,2.404931777,2.404931777,617.162157,3489223.805,13340.78068
59,449.0,NARMADAPURAM,23.0,MADHYA PRADESH,SEONIMALWA,3612.0,TAHSIL,Rural,487127.0,Lodhdi,MADHYA PRADESH,MADHYA_PRADESH\MADHYA_PRADESH.shp,36590.0,0.56444197,4.042790881,3.478348911,3.478348911,616.245619,3553473.952,10384.45622
60,384.0,ANGUL,21.0,ODISHA,TALCHER,6585.0,Tehsil,Rural,404091.0,THARMAL,ODISHA,ODISHA\ODISHA.shp,80181.0,6.030057598,43.08428559,37.05422799,37.05422799,614.4921071,1655599.287,7517.901306
61,449.0,NARMADAPURAM,23.0,MADHYA PRADESH,SHIVPUR,3612.0,TAHSIL,Rural,487121.0,Borata,MADHYA PRADESH,MADHYA_PRADESH\MADHYA_PRADESH.shp,36586.0,0.610758147,4.362855303,3.752097157,3.752097157,614.334361,3614366.267,14670.64504
62,767.0,PANDHURNA,23.0,MADHYA PRADESH,SAUSAR,3656.0,TAHSIL,Rural,495196.0,SILORA,MADHYA PRADESH,MADHYA_PRADESH\MADHYA_PRADESH.shp,44497.0,0.355609075,2.52375055,2.168141475,2.168141475,609.6980168,2307762.844,6981.977765
63,435.0,UJJAIN,23.0,MADHYA PRADESH,UJJAIN,3513.0,TAHSIL,Rural,471949.0,Madhopur,MADHYA PRADESH,MADHYA_PRADESH\MADHYA_PRADESH.shp,30401.0,1.508892878,10.52132448,9.0124316,9.0124316,597.2877022,1882181.067,5666.048845
64,445.0,SEHORE,23.0,MADHYA PRADESH,REHTI,3589.0,TAHSIL,Rural,483597.0,Khadli,MADHYA PRADESH,MADHYA_PRADESH\MADHYA_PRADESH.shp,17523.0,0.838165861,5.773696149,4.935530287,4.935530287,588.8488801,3079119.988,7620.98811
65,601.0,Thiruvananthapuram,32.0,KERALA,Neyyattinkara,5692.0,Taluk,Fully_Urban,628538.0,Vizhinjam (Part),KERALA (1),KERALA (1)\KERALA.shp,309.0,2.794090582,19.06985112,16.27576054,16.27576054,582.5065459,12614477.73,21064.12524
66,372.0,SAMBALPUR,21.0,ODISHA,NAKTIDEUL,6453.0,Tehsil,Rural,382099.0,MANGALAPUR,ODISHA,ODISHA\ODISHA.shp,62088.0,0.312466058,2.129087322,1.816621264,1.816621264,581.3819514,1403927.846,5956.583128
67,388.0,GANJAM,21.0,ODISHA,CHHATRAPUR,6638.0,Tehsil,Rural,412157.0,KALIPALLI,ODISHA,ODISHA\ODISHA.shp,100088.0,1.685033045,11.44121295,9.756179905,9.756179905,578.99042,1042533.609,4522.92354
68,449.0,NARMADAPURAM,23.0,MADHYA PRADESH,SHIVPUR,3612.0,TAHSIL,Rural,487163.0,Nawalgaon,MADHYA PRADESH,MADHYA_PRADESH\MADHYA_PRADESH.shp,36632.0,0.515861489,3.48375446,2.967892971,2.967892971,575.3274927,5582174.269,10777.21651
69,463.0,SINGRAULI,23.0,MADHYA PRADESH,SARAI,6826.0,TAHSIL,Rural,504044.0,MAJHAULI PATH,MADHYA PRADESH,MADHYA_PRADESH\MADHYA_PRADESH.shp,2504.0,0.984255086,6.599668995,5.615413909,5.615413909,570.5242461,1993160.516,6777.420866
70,438.0,DHAR,23.0,MADHYA PRADESH,DHARAMPURI,3539.0,TAHSIL,Rural,475895.0,Palasya,MADHYA PRADESH,MADHYA_PRADESH\MADHYA_PRADESH.shp,24759.0,1.097534327,7.311571382,6.214037055,6.214037055,566.1815676,6409872.981,11652.99002
71,445.0,SEHORE,23.0,MADHYA PRADESH,REHTI,3589.0,TAHSIL,Rural,483606.0,Nehlai,MADHYA PRADESH,MADHYA_PRADESH\MADHYA_PRADESH.shp,17497.0,0.682535715,4.438769957,3.756234242,3.756234242,550.3351924,2566658.679,9206.140983
72,375.0,KEONJHAR,21.0,ODISHA,KEONJHAR SADAR,6479.0,Tehsil,Rural,386249.0,SANKARI,ODISHA,ODISHA\ODISHA.shp,56347.0,0.551691874,3.575544749,3.023852874,3.023852874,548.1053854,5038787.099,9483.756447
73,373.0,DEOGARH,21.0,ODISHA,BARKOTE,6456.0,Tehsil,Rural,382846.0,SHALBERNI,ODISHA,ODISHA\ODISHA.shp,83265.0,0.410197889,2.630598974,2.220401085,2.220401085,541.2999791,1275793.744,5272.081523
74,449.0,NARMADAPURAM,23.0,MADHYA PRADESH,SEONIMALWA,3612.0,TAHSIL,Rural,487255.0,Gotabarri,MADHYA PRADESH,MADHYA_PRADESH\MADHYA_PRADESH.shp,36544.0,0.443891666,2.838896152,2.395004486,2.395004486,539.5470723,2235826.884,7301.978552
75,445.0,SEHORE,23.0,MADHYA PRADESH,REHTI,3589.0,TAHSIL,Rural,483562.0,Nadia kheda khalsa,MADHYA PRADESH,MADHYA_PRADESH\MADHYA_PRADESH.shp,17488.0,0.799630577,5.05090999,4.251279414,4.251279414,531.6554341,2862908.393,8231.218178
76,449.0,NARMADAPURAM,23.0,MADHYA PRADESH,SHIVPUR,7444.0,TAHSIL,Rural,487148.0,Amlada khurd,MADHYA PRADESH,MADHYA_PRADESH\MADHYA_PRADESH.shp,36639.0,0.487658473,3.036826208,2.549167736,2.549167736,522.7362752,7082294.099,11512.17121
77,425.0,CHHATARPUR,23.0,MADHYA PRADESH,BIJAWAR,3433.0,TAHSIL,Rural,458368.0,CHAPNER,MADHYA PRADESH,MADHYA_PRADESH\MADHYA_PRADESH.shp,53481.0,0.420125281,2.599754907,2.179629626,2.179629626,518.8046813,6193508.125,11529.55484
78,450.0,KATNI,23.0,MADHYA PRADESH,KATNI NAGAR,6807.0,TAHSIL,Rural,777520.0,JHINJHRI,MADHYA PRADESH,MADHYA_PRADESH\MADHYA_PRADESH.shp,58283.0,2.713387609,16.74911386,14.03572625,14.03572625,517.2768609,502832.0026,5867.434928
79,372.0,SAMBALPUR,21.0,ODISHA,NAKTIDEUL,6453.0,Tehsil,Rural,382098.0,KHOLAGARH,ODISHA,ODISHA\ODISHA.shp,62094.0,0.295351458,1.821218321,1.525866863,1.525866863,516.6275024,3498201.687,10425.09757
80,463.0,SINGRAULI,23.0,MADHYA PRADESH,MADA,6825.0,TAHSIL,Rural,503898.0,SEMUA,MADHYA PRADESH,MADHYA_PRADESH\MADHYA_PRADESH.shp,10030.0,2.345693196,14.4633736,12.11768041,12.11768041,516.5927252,717156.8011,5012.653143
81,449.0,NARMADAPURAM,23.0,MADHYA PRADESH,SHIVPUR,7444.0,TAHSIL,Rural,487149.0,Faridpur,MADHYA PRADESH,MADHYA_PRADESH\MADHYA_PRADESH.shp,36640.0,0.487385989,2.992692772,2.505306783,2.505306783,514.0292986,4949609.163,9360.750985
82,449.0,NARMADAPURAM,23.0,MADHYA PRADESH,SEONIMALWA,3612.0,TAHSIL,Rural,487243.0,Bandi,MADHYA PRADESH,MADHYA_PRADESH\MADHYA_PRADESH.shp,36553.0,0.42746001,2.622237729,2.194777719,2.194777719,513.4463267,2874899.649,10295.29335
83,41.0,LUDHIANA,3.0,PUNJAB,LUDHIANA EAST,227.0,TEHSIL,RURAL,33462.0,KHASI KHURD,PUNJAB,PUNJAB\PUNJAB.shp,1673.0,1.737661563,10.64469398,8.907032415,8.907032415,512.5872958,491566.1595,3397.227179
84,371.0,JHARSUGUDA,21.0,ODISHA,LAKHANPUR,6440.0,Tehsil,Rural,381067.0,BARAPALI,ODISHA,ODISHA\ODISHA.shp,69459.0,0.784153928,4.801074298,4.01692037,4.01692037,512.2617166,3389670.387,8437.563177
85,457.0,BALAGHAT,23.0,MADHYA PRADESH,WARASEONI,3669.0,TAHSIL,Rural,497394.0,Khandwa,MADHYA PRADESH,MADHYA_PRADESH\MADHYA_PRADESH.shp,56920.0,0.776702573,4.752765531,3.976062958,3.976062958,511.9157704,5969937.381,10927.37018
86,83.0,JHAJJAR,6.0,HARYANA,Badli,6171.0,TEHSIL,RURAL,61815.0,SONDHI,HARYANA,HARYANA\Latest village boundary_HARYANA\HARYANA\HARYANA.shp,1812.0,2.203355687,13.46924332,11.26588763,11.26588763,511.3059002,5863476.819,11929.35394
87,373.0,DEOGARH,21.0,ODISHA,BARKOTE,6456.0,Tehsil,Rural,382848.0,BALANI,ODISHA,ODISHA\ODISHA.shp,83259.0,0.40442371,2.457316267,2.052892557,2.052892557,507.6093472,1825386.321,7420.861932
88,69.0,PANCHKULA,6.0,HARYANA,Raipur Rani,6157.0,TEHSIL,RURAL,57140.0,FIROZPUR,HARYANA,HARYANA\Latest village boundary_HARYANA\HARYANA\HARYANA.shp,6245.0,1.179304755,7.047337247,5.868032492,5.868032492,497.584061,2558744.173,7623.745276
89,667.0,AGAR MALWA,23.0,MADHYA PRADESH,BADOD,3517.0,TAHSIL,Rural,472396.0,SAWANI,MADHYA PRADESH,MADHYA_PRADESH\MADHYA_PRADESH.shp,22224.0,0.657901287,3.923938561,3.266037274,3.266037274,496.4327231,1125357.404,4745.752216
90,371.0,JHARSUGUDA,21.0,ODISHA,LAKHANPUR,6440.0,Tehsil,Rural,381065.0,SAHAJABAHAL,ODISHA,ODISHA\ODISHA.shp,69460.0,0.839385381,5.00573677,4.166351389,4.166351389,496.3573926,5183308.259,14713.0762
91,41.0,LUDHIANA,3.0,PUNJAB,LUDHIANA EAST,227.0,TEHSIL,RURAL,33432.0,BAUNKRAN,PUNJAB,PUNJAB\PUNJAB.shp,1645.0,2.448586427,14.47967543,12.03108901,12.03108901,491.34835,2334770.142,7667.854689
92,463.0,SINGRAULI,23.0,MADHYA PRADESH,MADA,6825.0,TAHSIL,Rural,503899.0,BANDHAURA,MADHYA PRADESH,MADHYA_PRADESH\MADHYA_PRADESH.shp,10029.0,6.19345856,36.49039852,30.29693996,30.29693996,489.1764377,4894639.561,11390.24447
93,382.0,JAJPUR,21.0,ODISHA,DANAGADI,6566.0,Tehsil,Rural,400597.0,GODIGOTHA,ODISHA,ODISHA\ODISHA.shp,97452.0,2.925379311,16.86470332,13.93932401,13.93932401,476.4962941,3336327.975,8930.773916
94,73.0,KAITHAL,6.0,HARYANA,Dhand ST,,SUB TEHSIL,RURAL,58980.0,SALEMPUR MADUD,HARYANA,HARYANA\Latest village boundary_HARYANA\HARYANA\HARYANA.shp,3493.0,0.970954537,5.589473944,4.618519408,4.618519408,475.6679364,4305066.061,11528.52138
95,375.0,KEONJHAR,21.0,ODISHA,BARBIL,6475.0,Tehsil,Rural,385263.0,KASIA(KA),ODISHA,ODISHA\ODISHA.shp,58133.0,1.612206982,9.28008372,7.667876737,7.667876737,475.6136663,2990140.632,7681.477338
96,425.0,CHHATARPUR,23.0,MADHYA PRADESH,RAJNAGAR,3430.0,TAHSIL,Rural,458020.0,Garha,MADHYA PRADESH,MADHYA_PRADESH\MADHYA_PRADESH.shp,54411.0,1.127442369,6.479592562,5.352150193,5.352150193,474.7160778,6629942.143,15169.42895
97,445.0,SEHORE,23.0,MADHYA PRADESH,REHTI,3589.0,TAHSIL,Rural,483570.0,Digwad,MADHYA PRADESH,MADHYA_PRADESH\MADHYA_PRADESH.shp,17477.0,0.739711985,4.248730647,3.509018662,3.509018662,474.3763427,7375589.073,16359.21164
98,435.0,UJJAIN,23.0,MADHYA PRADESH,UJJAIN,3513.0,TAHSIL,Rural,471947.0,Gaowdi,MADHYA PRADESH,MADHYA_PRADESH\MADHYA_PRADESH.shp,30405.0,1.154982307,6.618543726,5.463561419,5.463561419,473.0428672,5853520.124,13258.80418
99,384.0,ANGUL,21.0,ODISHA,TALCHER,6585.0,Tehsil,Rural,404026.0,BADAGURUJANGULI,ODISHA,ODISHA\ODISHA.shp,80124.0,3.262082293,18.5661273,15.304045,15.304045,469.1495685,688742.8267,4108.501189
100,448.0,HARDA,23.0,MADHYA PRADESH,TIMARNI,3610.0,TAHSIL,Rural,486957.0,JHADTALAI,MADHYA PRADESH,MADHYA_PRADESH\MADHYA_PRADESH.shp,13539.0,0.567579036,3.225155763,2.657576727,2.657576727,468.2302475,6852580.223,14117.28949
